"gene","log2FC","pval"
"ENSG00000272398",-5.58881325335565,0.3475202328419
"ENSG00000135439",-2.85560754519433,0.309473617790557
"ENSG00000130348",-3.704554040327,0.361669644149962
"ENSG00000198719",-5.9259122934833,0.349156621730991
"ENSG00000169429",-3.24485658015783,0.277327925933751
"ENSG00000171608",-3.09552821584392,0.346861701359269
"ENSG00000164494",-3.62224120336383,0.365208835886416
"ENSG00000198732",-3.98099985055172,0.210575172288911
"ENSG00000130349",-3.21246572098885,0.360454577767219
"ENSG00000173404",-3.01573410453608,0.38030454011612
"ENSG00000142549",-2.89114361451876,0.0535857156383638
"ENSG00000146426",-2.87792902528696,0.376873808409874
"ENSG00000130347",-2.94392082229106,0.369327655786675
"ENSG00000275385",-5.63233877424362,0.380432166203253
"ENSG00000178409",-3.07521832792314,0.318348507671449
"ENSG00000134363",-3.15450169386476,0.144946681217742
"ENSG00000137142",-3.63478918602118,0.201108504153827
"ENSG00000133063",-3.43672187879843,0.39560249089527
"ENSG00000150275",-3.20565751104819,0.245649420986388
"ENSG00000124440",-3.30155094151802,0.174664034910498
"ENSG00000124102",-4.01418741440383,0.234928264163254
"ENSG00000158164",-3.25292242336398,0.256557661024018
"ENSG00000203710",-2.99621173951029,0.39676081390962
"ENSG00000253305",-3.1079307143838,0.386056429683445
"ENSG00000169840",-2.80550254212297,0.219555692359097
"ENSG00000170549",-4.22604403356058,0.251864017612315
"ENSG00000153132",-3.21176327972794,0.137832554272109
"ENSG00000111087",-4.47472693851303,0.363631408636186
"ENSG00000197083",-2.96127052641666,0.181953210761906
"ENSG00000128573",-3.42664168351963,0.236470681630826
"ENSG00000188011",-3.10416415054263,0.267257950755138
"ENSG00000168505",-3.20309186537751,0.140088697842326
"ENSG00000164946",-3.00287790847655,0.204052864908294
"ENSG00000231789",-3.06100107213192,0.368656906813493
"ENSG00000257335",-3.76184026280524,0.271536859621338
"ENSG00000258548",-4.20922262671748,0.206489967468151
"ENSG00000162992",-3.63807383718072,0.234873993443449
"ENSG00000085552",-2.96044755216147,0.179695961101743
"ENSG00000153993",-3.39826178652802,0.210528299867362
"ENSG00000108342",-3.6275229629492,0.322958638915306
"ENSG00000263958",-3.66652785287723,0.281414369087967
"ENSG00000253953",-3.48925130114139,0.379525321280109
"ENSG00000249158",-3.61979248488426,0.321035152029493
"ENSG00000241945",-3.02696704760027,0.0046223706636878
"ENSG00000214456",-3,0.16399070602866
"ENSG00000206557",-2.9877633274811,0.111469400315208
"ENSG00000181374",-2.83339953034199,0.429400158236759
"ENSG00000120057",-5.07250675948519,0.374049512825896
"ENSG00000237125",-3.78616959216698,0.243096916303459
"ENSG00000125813",-3.22517486200777,0.240773827367839
"ENSG00000170166",-3.24249362739296,0.185970668827947
"ENSG00000175189",-2.91106627157971,0.361349874179034
"ENSG00000150244",-5.71838337328811,0.381676048288634
"ENSG00000249362",-2.8802607557259,0.115175378347227
"ENSG00000143869",-3.05159173243727,0.30623728762741
"ENSG00000169297",-5.09392107405349,0.196404262348801
"ENSG00000215612",-5.27910681233077,0.17448247617426
"ENSG00000204963",-3.33173126991772,0.282340095683747
"ENSG00000108688",-3.08119608284798,0.31531865430229
"ENSG00000198028",-5.21976120586901,0.177172048199001
"ENSG00000273100",-3.38082178394093,0.329242358166211
"ENSG00000186493",-4.84162482414235,0.103205636762384
"ENSG00000230699",-3.18043265926071,0.272649644326232
"ENSG00000081842",-3.16272950003811,0.379870086527123
"ENSG00000287200",-4.21244961808887,0.376076788235416
"ENSG00000234354",-4.2228877672781,0.354617084421849
"ENSG00000170561",-5.95282687977538,0.0773034302800764
"ENSG00000287893",-3.28876123095216,0.401728288003487
"ENSG00000260577",-4.18784690943957,0.149843527188365
"ENSG00000163736",-3.58496250072116,0.168039037364126
"ENSG00000271551",-3.62780550172689,0.323032084199586
"ENSG00000204791",-3.68716736104806,0.359360738831221
"ENSG00000286478",-4.94753258010586,0.300457550182356
"ENSG00000179873",-3.24969227823965,0.215322867348437
"ENSG00000257443",-4.22322322760236,0.389149151875889
"ENSG00000196109",-3.14159627838382,0.229053512497695
"ENSG00000237863",-3.6566234858486,0.368678995732983
"ENSG00000229676",-3.89481776330794,0.154243205101569
"ENSG00000246528",-3.98489310760979,0.224966124382948
"ENSG00000148346",-3.34759297828071,0.364122045503644
"ENSG00000223528",-8.53766641929098,0.374724644580532
"ENSG00000180458",-3.26470322619441,0.284833045284645
"ENSG00000166926",-4.85581641101425,0.377579267899764
"ENSG00000136944",-4.62449086490779,0.153262195386228
"ENSG00000118113",-3.10619940383192,0.202908705454234
"ENSG00000261754",-4.39827898101748,0.196354816518833
"ENSG00000229654",-6.23019203190457,0.367822265612914
"ENSG00000131355",-4.25514100367616,0.312457452005905
"ENSG00000185275",-6.31218482072397,0.360273867135905
"ENSG00000171956",-3.36340473086352,0.113042816860147
"ENSG00000183032",-3.41307598294556,0.186271274976638
"ENSG00000197472",-3.84482962747627,0.12244653943603
"ENSG00000133124",-5.19967234483636,0.372211617740863
"ENSG00000237210",-3.38466385023533,0.414577161016053
"ENSG00000287340",-3.62205181945638,0.133518440821185
"ENSG00000288041",-3.83920378809694,0.299238188353498
"ENSG00000174450",-3.67807190511264,0.362514297035238
"ENSG00000261711",-4.14295795384204,0.360183612008627
"ENSG00000236816",-3.77760757866355,0.108110291056197
"ENSG00000162892",-4.48308288670194,0.312484920625203
"ENSG00000287209",-3.82312223791592,0.381534593467463
"ENSG00000271234",-4.64961545906341,0.360610273886221
"ENSG00000204936",-5.93073733756289,0.361931625044321
"ENSG00000174697",-3.91488338636205,0.287444474209551
"ENSG00000129514",-5.57742882803575,0.363015307944344
"ENSG00000187185",-4.33091687811462,0.36530964806135
"ENSG00000124557",-4.19967234483636,0.35591233837479
"ENSG00000184895",-4.21916852046216,0.324384809137067
"ENSG00000264956",-4.30116953472057,0.384561231998013
"ENSG00000236054",-5.08037341646402,0.359599577531428
"ENSG00000285534",-3.6724253419715,0.341866584577372
"ENSG00000262539",-4.15650448567999,0.362222085195158
"ENSG00000235142",-7.89481776330794,0.374205231788352
"ENSG00000178919",-5.6724253419715,0.328086900575867
"ENSG00000253187",-3.82442843541655,0.326856439328989
"ENSG00000253308",-4.18586654531133,0.337306690780337
"ENSG00000287867",-5.25738784269265,0.172363475273864
"ENSG00000230635",-3.96347412397489,0.130039105898927
"ENSG00000269345",-3.78659636189081,0.194460117131419
"ENSG00000228304",-3.74416109557041,0.375165087199789
"ENSG00000273906",-6.28540221886225,0.332220631297396
"ENSG00000183169",-4.84549005094437,0.389167354013624
"ENSG00000277089",-4.16992500144231,0.391146897098315
"ENSG00000271584",-4.06608919045777,0.304850667035597
"ENSG00000286521",-4.77258950389693,0.363237266631868
"ENSG00000271776",-4.64385618977472,0.081362632418409
"ENSG00000283458",-4.70043971814109,0.171669723105299
"ENSG00000280118",-4.50250034052918,0.335539436348176
"ENSG00000205215",-4.41503749927884,0.148280099032071
"ENSG00000286351",-5.68650052718322,0.371866190684702
"ENSG00000279134",-5.16992500144231,0.370912705740904
"ENSG00000063515",-4.95419631038687,0.324558808508729
"ENSG00000164400",-4.78135971352466,0.205037050189839
"ENSG00000205266",-4.52356195605701,0.143294275350381
"ENSG00000259974",-4.4262647547021,0.341979885585707
"ENSG00000092377",-6.68650052718322,0.345939580936748
"ENSG00000242021",-5.97727992349992,0.258729601402773
"ENSG00000268079",-5.16992500144231,0.240632946311979
"ENSG00000279104",-5.20945336562895,0.0210896104388859
"ENSG00000268104",-5.16992500144231,0.207764079997861
"ENSG00000233941",-Inf,0.373900966300059
"ENSG00000257288",-Inf,0.370623785996371
"ENSG00000257541",-Inf,0.373900966300059
"ENSG00000164438",-Inf,0.278295166307563
"ENSG00000287460",-Inf,0.357275240543842
"ENSG00000259907",-Inf,0.167211639541982
"ENSG00000287552",-Inf,0.373900966300059
"ENSG00000228886",-Inf,0.223746165685958
"ENSG00000277984",-Inf,0.115054806257745
"ENSG00000102313",-Inf,0.330374966938783
"ENSG00000279411",-Inf,0.373900966300059
"ENSG00000237759",-Inf,0.306232041818487
"ENSG00000168530",Inf,0.339958391629891
"ENSG00000229404",3.05889368905357,0.30966617603077
"ENSG00000250623",4.39231742277876,0.311751250542293
"ENSG00000203690",Inf,0.311194390523991
"ENSG00000230051",3.70043971814109,0.136186172470911
"ENSG00000229228",4.4594316186373,0.27178004828555
"ENSG00000231292",4.4594316186373,0.344496008773026
"ENSG00000206702",3.64385618977472,0.322942518295496
"ENSG00000287492",Inf,0.22534801670242
"ENSG00000249460",Inf,0.0577298265035732
"ENSG00000285294",2.95419631038688,0.295674428793964
"ENSG00000269504",2.95419631038688,0.397918900820879
"ENSG00000254395",3.32192809488736,0.162244224642739
"ENSG00000233999",3.75488750216347,0.387145654888661
"ENSG00000236627",Inf,0.373900966300059
"ENSG00000233517",3,0.359536695288852
"ENSG00000232529",4.70043971814109,0.348034003322058
"ENSG00000285336",3.90689059560852,0.210339964003311
"ENSG00000258551",2.84799690655495,0.201801233294748
"ENSG00000254750",Inf,0.300093278463649
"ENSG00000230936",4.8073549220576,0.100719329701058
"ENSG00000229563",3.58496250072116,0.365153588460644
"ENSG00000287668",Inf,0.279706641454565
"ENSG00000269506",4.90689059560852,0.388576556475937
"ENSG00000253132",Inf,0.373900966300059
"ENSG00000233977",2.8073549220576,0.191354914165281
"ENSG00000287849",4.95419631038687,0.179662818006223
"ENSG00000288545",4.04439411935845,0.109803122038559
"ENSG00000220891",4,0.384890519358382
"ENSG00000134757",3.70043971814109,0.215120272670129
"ENSG00000108759",4.90689059560852,0.198714452154531
"ENSG00000242076",4.04439411935845,0.315415805548659
"ENSG00000184344",4.12928301694497,0.282261543505426
"ENSG00000211665",3,0.404500475076745
"ENSG00000242207",5.04439411935845,0.304521747478696
"ENSG00000286481",3.32192809488736,0.225111701379647
"ENSG00000215117",3.16992500144231,0.209338573783383
"ENSG00000257927",3.39231742277876,0.201877278664783
"ENSG00000243063",4.95419631038687,0.333845067906425
"ENSG00000227255",Inf,0.308937438024903
"ENSG00000253239",3.62449086490779,0.410907027878371
"ENSG00000239975",5,0.184291026208329
"ENSG00000286081",2.64385618977472,0.161572703813097
"ENSG00000203907",2.77760757866355,0.382814585093085
"ENSG00000256325",3.55458885167764,0.352306346581721
"ENSG00000211794",3.58496250072116,0.243719816945039
"ENSG00000220913",5.12928301694497,0.371004626151174
"ENSG00000236081",3.08746284125034,0.261481045024654
"ENSG00000233215",4.35755200461808,0.369013205237742
"ENSG00000287417",3.4262647547021,0.335798493895154
"ENSG00000211952",2.58496250072116,0.303643952732313
"ENSG00000196406",5.20945336562895,0.371151702515545
"ENSG00000186847",4.35755200461808,0.261545127968398
"ENSG00000109132",5.16992500144231,0.218588727414206
"ENSG00000204528",3.11547721741994,0.364020173021363
"ENSG00000099399",3.93859945533586,0.391205218032354
"ENSG00000249116",2.7279204545632,0.359118467651807
"ENSG00000286580",3.49185309632967,0.29708187193805
"ENSG00000243955",3.61470984411521,0.02982751927587
"ENSG00000258932",2.68805599368526,0.159743850728558
"ENSG00000112499",3.24792751344359,0.246566273970467
"ENSG00000232325",3.05062607306997,0.339523122963611
"ENSG00000144010",5.32192809488736,0.357334933146671
"ENSG00000232370",3.87446911791614,0.392195548763137
"ENSG00000278857",3.55458885167764,0.364923036969377
"ENSG00000064218",2.63226821549951,0.168250654115706
"ENSG00000143196",2.58496250072116,0.0607302024113288
"ENSG00000234261",3.7279204545632,0.376548572134463
"ENSG00000227017",2.78427130894456,0.0985089377690956
"ENSG00000231394",2.48112668973662,0.241997656022994
"ENSG00000233308",2.65535182861255,0.208669021706308
"ENSG00000261399",3.07528812730424,0.138796593049585
"ENSG00000224141",4.58496250072116,0.180650890901838
"ENSG00000250102",5.4262647547021,0.384062133416177
"ENSG00000236212",4.49185309632967,0.197984257873096
"ENSG00000258712",Inf,0.358900419140998
"ENSG00000278097",4,0.401778916954264
"ENSG00000251363",4.02974734339405,0.343684559692689
"ENSG00000176040",2.16046467219325,0.398705128370834
"ENSG00000158485",3.16992500144231,0.417265997296861
"ENSG00000144015",4.6724253419715,0.391243215673227
"ENSG00000108255",2.87446911791614,0.261846309450327
"ENSG00000231171",4.70043971814109,0.315536255358674
"ENSG00000278473",Inf,0.373900966300059
"ENSG00000229735",5.4262647547021,0.346098451059526
"ENSG00000231806",2.69031550086738,0.214270632316426
"ENSG00000211655",5.4262647547021,0.384062133416177
"ENSG00000273367",2.55019708256048,0.119015720475989
"ENSG00000262267",3.93073733756289,0.278001056376863
"ENSG00000275216",4.7279204545632,0.359284598558588
"ENSG00000282651",2.16992500144231,0.446432218023346
"ENSG00000280693",3.70043971814109,0.320130782945144
"ENSG00000171346",2.79007693062577,0.317214590589864
"ENSG00000185290",2.75002174699165,0.299638222737388
"ENSG00000256915",4.78135971352466,0.338903098625274
"ENSG00000226806",5.64385618977472,0.293272828132501
"ENSG00000233515",5.64385618977472,0.337988509207286
"ENSG00000048462",2.45066140900957,0.261881343227862
"ENSG00000259527",Inf,0.373900966300059
"ENSG00000243944",4.34577483684173,0.368670463933202
"ENSG00000251039",5.61470984411521,0.200665115288659
"ENSG00000251320",Inf,0.335979460099542
"ENSG00000251623",2.9499593175004,0.196323250088407
"ENSG00000285675",2.70043971814109,0.294944107643596
"ENSG00000211685",3.90689059560852,0.366821794530245
"ENSG00000211632",2.88752527074159,0.400864281033024
"ENSG00000083782",3.8073549220576,0.357547208291436
"ENSG00000095917",3.4594316186373,0.032008682166548
"ENSG00000173237",3.93073733756289,0.358322807830596
"ENSG00000258274",2.48239276708061,0.292388312454785
"ENSG00000167941",2.65207669657969,0.224201428977326
"ENSG00000166391",4.32192809488736,0.308790525487927
"ENSG00000250993",Inf,0.373900966300059
"ENSG00000255733",4.93073733756289,0.302889989055563
"ENSG00000188646",Inf,0.314054641935423
"ENSG00000266088",3.27301849440642,0.176730512860605
"ENSG00000286452",3.32192809488736,0.183139414259235
"ENSG00000163209",Inf,0.361640409542986
"ENSG00000231107",2.54432051622381,0.0359113676739662
"ENSG00000211664",1.85315861167073,0.515365398139633
"ENSG00000211647",Inf,0.170647875140027
"ENSG00000227182",Inf,0.373900966300059
"ENSG00000256678",3.77258950389693,0.406707763600149
"ENSG00000171517",2.3890422907459,0.103565532262164
"ENSG00000264015",3.94485844580754,0.36033654086403
"ENSG00000241825",3.16992500144231,0.413655995944414
"ENSG00000214146",2.24462236871991,0.291788699623303
"ENSG00000151365",2.83871909296694,0.260622758990409
"ENSG00000287951",3.55019708256048,0.155699871316231
"ENSG00000285576",3.30580842952409,0.119880983618282
"ENSG00000250041",2.68805599368526,0.349965352918651
"ENSG00000211747",2.62243720613982,0.291058824885875
"ENSG00000205361",2.14505033280328,0.381113934976487
"ENSG00000167749",3.27301849440642,0.341313134940727
"ENSG00000231475",2.06088224214702,0.36831921992974
"ENSG00000169393",3.16992500144231,0.375356209938076
"ENSG00000258602",2.77051815387723,0.40963960727753
"ENSG00000224041",2.73696559416621,0.330652296546402
"ENSG00000212766",2.05889368905357,0.380375326043753
"ENSG00000232258",3.01495034146597,0.252002742158353
"ENSG00000234710",4.56478461878353,0.311044987357854
"ENSG00000251546",3.77258950389693,0.330370097439249
"ENSG00000227591",1.96781959425085,0.380222943206534
"ENSG00000253497",4.60486205815886,0.354838082665896
"ENSG00000202111",4.71881824745595,0.234233258886546
"ENSG00000286540",3.25481389902883,0.125238915979817
"ENSG00000258451",2.8073549220576,0.422356554896753
"ENSG00000186910",6.04439411935845,0.380480730936877
"ENSG00000254109",2.12199052437861,0.107636986025217
"ENSG00000211950",2.47643804394299,0.258804986878678
"ENSG00000260802",2.14974711950468,0.42438782962886
"ENSG00000228358",2.58496250072116,0.242295546914004
"ENSG00000163646",6.20945336562895,0.372486790246614
"ENSG00000282939",2.31227792485364,0.233239899358442
"ENSG00000230356",2.90689059560852,0.358146320736403
"ENSG00000286722",2.38466385023533,0.405276428464617
"ENSG00000228509",3.07681559705083,0.316449040325018
"ENSG00000151224",2.50250034052918,0.362665952270332
"ENSG00000152611",3.15754127698648,0.381467593921517
"ENSG00000143297",2.03652587602511,0.370958102520298
"ENSG00000232211",3.93411206434354,0.39812214408729
"ENSG00000156206",1.94144781764489,0.353830034508016
"ENSG00000214819",Inf,0.373900966300059
"ENSG00000227496",3.64385618977472,0.350779602952135
"ENSG00000143125",2.07528812730424,0.167773919612875
"ENSG00000261036",5.02974734339405,0.370599557120162
"ENSG00000091583",2.8073549220576,0.402854071969521
"ENSG00000242371",4.30742852519225,0.345010845248977
"ENSG00000264151",3.52356195605701,0.380096314430174
"ENSG00000213355",4.30985526258679,0.275037741346296
"ENSG00000147378",3.37637587890974,0.0890773326321906
"ENSG00000250387",4.14295795384204,0.34685908364562
"ENSG00000236069",3.4391116342577,0.392759246141723
"ENSG00000236039",2.73418850949563,0.370127556615486
"ENSG00000211970",2.92810708151821,0.406953711280772
"ENSG00000271239",2.44183755862256,0.34541122685473
"ENSG00000137090",3.72489276186563,0.31864652710876
"ENSG00000186471",2.88752527074159,0.289640975767732
"ENSG00000187621",2.94189704543643,0.384368869712157
"ENSG00000240671",2.15380533607904,0.475771093173861
"ENSG00000261706",4.82017896241519,0.360623468226071
"ENSG00000251511",5.18322182405577,0.207610326144278
"ENSG00000259828",2.74495838491974,0.296970319155601
"ENSG00000280411",2.18106555904751,0.314591818653923
"ENSG00000146276",2.91427012597412,0.40476477091801
"ENSG00000055957",2.47477958297073,0.255579909937907
"ENSG00000287372",2.62583478213668,0.325704018793488
"ENSG00000253819",2.64981364507112,0.285227147625087
"ENSG00000160180",2.71516122384786,0.166882812959899
"ENSG00000134160",3.20013961448932,0.329368686793129
"ENSG00000181617",4.63226821549951,0.378626898738098
"ENSG00000181541",2.64769825606912,0.381204831493964
"ENSG00000172482",2.78215436793246,0.375469463204223
"ENSG00000184350",2.73696559416621,0.156359847914589
"ENSG00000118231",4.25738784269265,0.0795561637890864
"ENSG00000240476",3.32950131459216,0.407638285191979
"ENSG00000099937",2.9196578916824,0.262628412274678
"ENSG00000120937",4.63420601974101,0.334306651526094
"ENSG00000163825",6.68650052718322,0.372877392742571
"ENSG00000226690",4.02974734339405,0.347197340052545
"ENSG00000123977",1.89862297962492,0.354507866887313
"ENSG00000185640",4.4594316186373,0.390432091643839
"ENSG00000254092",2.70360699721978,0.016611092322735
"ENSG00000211946",3.64828843608999,0.389524495134319
"ENSG00000205002",2.96347412397489,0.380540286641775
"ENSG00000271824",2.64385618977472,0.320613862178083
"ENSG00000211935",2.14937762403823,0.461742598239496
"ENSG00000248874",3.89812038598079,0.377140022651366
"ENSG00000158639",4.14567745519564,0.389703490047127
"ENSG00000113722",3.10691520391651,0.360159781832718
"ENSG00000182111",3.36457243229586,0.415786864487576
"ENSG00000223350",3.72582503656101,0.389040788521031
"ENSG00000169550",Inf,0.373900966300059
"ENSG00000211637",1.81971742307532,0.411401235798808
"ENSG00000260135",2.90963597234734,0.191724614340157
"ENSG00000163751",2.69187770463767,0.161575705142545
"ENSG00000286404",4.43462822763672,0.103087040304531
"ENSG00000064195",3.11150831521699,0.352842894898591
"ENSG00000171345",2.37223317673543,0.355462170201116
"ENSG00000138395",2.21931302840448,0.198960119638912
"ENSG00000287872",3.84799690655495,0.253504919642422
"ENSG00000264345",1.93859945533586,0.282913175136933
"ENSG00000267448",Inf,0.364569121313783
"ENSG00000224594",2.74513952561191,0.41122892488259
"ENSG00000211976",2.33219643034119,0.406470349585962
"ENSG00000288525",5.35755200461808,0.303364364440401
"ENSG00000259518",5.4093909361377,0.241169436493161
"ENSG00000172236",3.09515723304034,0.0270955053654152
"ENSG00000214145",3.8073549220576,0.309936944822468
"ENSG00000143512",2.41212590385894,0.23449643935114
"ENSG00000197253",2.94622874355902,0.0252998751085168
"ENSG00000250748",3.80161855250846,0.386399625994686
"ENSG00000233560",3.89553073344397,0.361691756902158
"ENSG00000073282",2.39895051511121,0.257381551323295
"ENSG00000204894",2.17668236761762,0.449151262696409
"ENSG00000253998",5.74595437739346,0.378644234213112
"ENSG00000222022",5.27052894238072,0.376797380914824
"ENSG00000224063",3.23637665077215,0.322274757847734
"ENSG00000145040",2.72935241005633,0.364921774427861
"ENSG00000135374",2.07420094184142,0.400433001476567
"ENSG00000229056",4.29956028185891,0.348225816461397
"ENSG00000186973",2.28065181930884,0.253096474500541
"ENSG00000214285",4.72489276186563,0.175400176573844
"ENSG00000248475",4.74146698640115,0.372452270410219
"ENSG00000179300",5.05062607306997,0.380122858193021
"ENSG00000223812",2.73316402400635,0.118440022942487
"ENSG00000117322",3.92934544643621,0.382052968615236
"ENSG00000198074",2.03117589588318,0.390907669559104
"ENSG00000243238",2.07382023329167,0.422397048607053
"ENSG00000164458",5.76155123244448,0.338810303968078
"ENSG00000172116",2.80373460637891,0.0487977091305039
"ENSG00000283787",2.47104290900759,0.24889853696799
"ENSG00000039537",4.46948528330122,0.0865837395407086
"ENSG00000118156",3.05626821964675,0.241148439105053
"ENSG00000254337",6.24158598656976,0.370092172066391
"ENSG00000211964",2.20227377914017,0.439248498901554
"ENSG00000130427",3.36419382186437,0.226434438340242
"ENSG00000251372",2.84187080375811,0.29958481521955
"ENSG00000163792",2.36170799687272,0.194950084646924
"ENSG00000197587",2.40251318988465,0.170874181311327
"ENSG00000249001",2,0.168054625222111
"ENSG00000211670",5.22055107451228,0.36070272741458
"ENSG00000278196",2.69546204198671,0.39233271183699
"ENSG00000111981",2.4644672085346,0.272910450962928
"ENSG00000196616",2.73984810269933,0.408223780663075
"ENSG00000275874",3.75304380217978,0.352069817912172
"ENSG00000243290",3.32950131459216,0.288344709970884
"ENSG00000034239",1.78531090188516,0.391970331258145
"ENSG00000211966",2.4638457833483,0.325041203380109
"ENSG00000242766",6.85798099512757,0.180804849838111
"ENSG00000198573",Inf,0.371187216829377
"ENSG00000269404",3.20095189706294,0.324388972255314
"ENSG00000117215",3.70360699721978,0.343090019684828
"ENSG00000140798",4.06020463420592,0.30486243120215
"ENSG00000162598",2.75364433531284,0.0170232740306519
"ENSG00000256193",2.74390164137658,0.0413213097471562
"ENSG00000225684",2.67761178868683,0.259542361942119
"ENSG00000272763",5.56333248474961,0.354911732216098
"ENSG00000197614",2.30485458152842,0.194652952280772
"ENSG00000222032",6.27612440527424,0.370750558634963
"ENSG00000228314",3.24792751344359,0.379727703210838
"ENSG00000173077",2.62743064186161,0.267676175626014
"ENSG00000140459",2.17550603370561,0.0675119360086087
"ENSG00000160183",2.60259239474295,0.0454186023234642
"ENSG00000151882",2.72935241005633,0.258822474624942
"ENSG00000106128",2.94436530102718,0.376219856411167
"ENSG00000231817",2.47300756791617,0.202162310491685
"ENSG00000121570",2.6472467789755,0.380003051890867
"ENSG00000079101",2.65112137480929,0.327115719459895
"ENSG00000157330",2.85973574301172,0.33281220861544
"ENSG00000211625",3.61686258518744,0.393709019336762
"ENSG00000118271",5.18081331758505,0.373675014271927
"ENSG00000276566",3.08387255725502,0.31985379175467
"ENSG00000163331",2.64332666323514,0.39697467908167
"ENSG00000223485",4.02729169166774,0.369948320436209
"ENSG00000213058",2.94693875624859,0.195960220020445
"ENSG00000108700",2.00765357254344,0.152515136939408
"ENSG00000287064",2.8073549220576,0.347267673471517
"ENSG00000211959",2.16567803034213,0.430233192085606
"ENSG00000178776",5.25666232342119,0.362104062450563
"ENSG00000287560",2.7067673381131,0.182557511982511
"ENSG00000211947",1.93638390070403,0.479282502964157
"ENSG00000211942",6.02553509210714,0.348065806270613
"ENSG00000006453",2.73254240713202,0.393036478657197
"ENSG00000046774",4.25873426840017,0.340984345775949
"ENSG00000187980",2.73230421679634,0.368154981231772
"ENSG00000233098",2.47916783669856,0.298350729002765
"ENSG00000228742",5.14720492494223,0.348368915285424
"ENSG00000185686",2.8175386940437,0.373895407688733
"ENSG00000172724",2.68850010482957,0.340601572421444
"ENSG00000110680",4.57994442595453,0.380942610381857
"ENSG00000211640",2.82102985895468,0.410304501640318
"ENSG00000233532",2.98986562286629,0.391690735197229
"ENSG00000164794",2.87184364850932,0.127929599459998
"ENSG00000144820",3.13722796362286,0.402494822657559
"ENSG00000233968",4.19162007254163,0.38388619049978
"ENSG00000137745",3.8151406670242,0.268754268601972
"ENSG00000196666",3.57964870082469,0.38226809688179
"ENSG00000027644",3.16853041937056,0.258988301271173
"ENSG00000128045",3.98185265328974,0.387738682790072
"ENSG00000167244",2.49714462192974,0.412267673525857
"ENSG00000241351",1.70093286292145,0.481289296498281
"ENSG00000214897",7.88874324889826,0.37345029041226
"ENSG00000239819",7.03617361255349,0.373091476281232
"ENSG00000154478",3.02236781302845,0.237618633265233
"ENSG00000268433",4.75488750216347,0.361485756274638
"ENSG00000211668",3.10649962130068,0.364204142165151
"ENSG00000211660",1.81173336256818,0.325906039939114
"ENSG00000161798",1.77583500804999,0.272697695493531
"ENSG00000282639",5.15264701001048,0.377559238818587
"ENSG00000138207",2.19788416434564,0.260067360017254
"ENSG00000244437",2.74161195902257,0.406347525539182
"ENSG00000134020",2.53879231928823,0.1142378553966
"ENSG00000211659",4.41825421196239,0.349819131836469
"ENSG00000105509",3.24062799278551,0.386992599586702
"ENSG00000236197",2.30213772912735,0.415668143905436
"ENSG00000211679",1.80774594931054,0.330885945914097
"ENSG00000241644",2.49926994276012,0.251994638258479
"ENSG00000168333",3.49476469174958,0.293473447280812
"ENSG00000230838",3.80849946399855,0.38271829274359
"ENSG00000102970",3.82246181444781,0.399991801730753
"ENSG00000132840",2.61322635293988,0.0842616013199228
"ENSG00000165072",2.657566249678,0.282324419185101
"ENSG00000231317",9.2644426002266,0.368454387823884
"ENSG00000164707",1.91152629630867,0.275359550510215
"ENSG00000211673",2.71633248028799,0.402088402830939
"ENSG00000180613",4.18029668551475,0.20544231746642
"ENSG00000167434",1.84101047623884,0.282683849340433
"ENSG00000189320",4.37476350229552,0.124028080680548
"ENSG00000211898",2.92688207079598,0.402374276529511
"ENSG00000204542",3.56884283535788,0.405931596035185
"ENSG00000211653",2.68133089519339,0.261548869475428
"ENSG00000224184",3.52432670298236,0.302066749153865
"ENSG00000211669",6.68338455396136,0.349458985872992
"ENSG00000211650",4.38787835761226,0.381824024555273
"ENSG00000227234",9.63299519714296,0.374442192268546
"ENSG00000131203",4.28195697533626,0.37229415601912
"ENSG00000235207",5.46060216234523,0.372757742145021
"ENSG00000100362",3.45392364069735,0.0775923314772877
"ENSG00000211663",3.44488043286944,0.385835156398081
"ENSG00000170689",3.71753162020498,0.36567876824889
"ENSG00000155495",6.05013505427543,0.367129127631294
"ENSG00000115648",3.50572527091123,0.340619184060127
"ENSG00000168081",2.72894857659228,0.149629405029205
"ENSG00000211638",4.14839183989267,0.380597507720944
"ENSG00000188993",3.07762656540869,0.386390706849846
"ENSG00000211892",3.78418180895751,0.325573449149311
"ENSG00000123500",5.11034145329151,0.362590972077671
"ENSG00000247345",6.64024493622235,0.37643316955033
"ENSG00000211662",3.74733693144358,0.315123348817648
"ENSG00000006611",2.69773043088311,0.235820500684876
"ENSG00000211639",9.98156728190301,0.364731145289706
"ENSG00000211642",4.76521805334428,0.384458531929583
"ENSG00000243466",1.68607789231382,0.365954212877838
"ENSG00000211666",3.20789285164133,0.317292268676638
"ENSG00000140563",2.92293575530987,0.387651678622749
"ENSG00000106341",5.3037807481771,0.352048429864245
"ENSG00000248184",2.57945045542852,0.441534787844479
"ENSG00000110887",6.21114766416883,0.363398379028491
"ENSG00000123838",3.59566616962454,0.384721997728993
"ENSG00000178602",4.68579294217669,0.296573412217957
"ENSG00000175868",5.12329672187924,0.376729261208739
"ENSG00000197594",2.70908160557044,0.360485419375682
"ENSG00000169248",3.94227705203441,0.30347685866969
"ENSG00000183036",2.48249834558294,0.178970726259773
"ENSG00000047936",5.93824301431097,0.376571380714869
"ENSG00000177508",2.98868468677217,0.38341138605157
"ENSG00000006128",2.63656157808954,0.123782671859348
"ENSG00000122133",7.63869448465895,0.374905315005649
"ENSG00000211677",3.37978474421192,0.320866752713608
"ENSG00000211893",2.48410288142029,0.443256776085221
"ENSG00000211598",2.99528376487189,0.38446808336512
"ENSG00000226278",2.22072315538265,0.434618827732772
"ENSG00000239951",3.2207838861705,0.366551936580119
"ENSG00000249307",1.86086765483135,0.391934466302378
"ENSG00000196091",1.86462335975908,0.168298138132719
"ENSG00000197430",2.50859942687026,0.347945991329023
"ENSG00000170421",5.32518050856547,0.37146176233866
"ENSG00000239855",7.48637796626352,0.371663003319288
"ENSG00000131771",1.95620113231547,0.255186148717013
"ENSG00000156234",5.28427396742374,0.331884772974956
"ENSG00000137809",3.00280044418096,0.400863821497728
"ENSG00000188257",2.09465156919989,0.257911613587751
"ENSG00000171724",2.00201388277809,0.37890932556472
"ENSG00000165949",2.1311297512716,0.107419334395441
"ENSG00000213139",4.01059826738495,0.3337206103483
"ENSG00000132465",3.19316818268548,0.350219244678529
"ENSG00000138755",4.77548440677058,0.374259586662534
"ENSG00000173432",2.31437921293824,0.437836207320134
"ENSG00000141469",4.62245728861706,0.281521963616018
"ENSG00000170290",3.42756999105073,0.261893726092712
"ENSG00000129038",2.70388513797872,0.409965501228468
"ENSG00000211897",4.65814761795829,0.375136357060218
"ENSG00000114270",3.11214090635506,0.402283955009047
"ENSG00000169245",4.29661472649695,0.296106566621317
"ENSG00000101825",2.23710316100901,0.451492801390566
"ENSG00000175356",3.58023833986789,0.368610890796603
"ENSG00000166741",2.37946383626653,0.186816069568438
"ENSG00000211896",3.36514960145188,0.324319887681904
"ENSG00000175782",3.49846763144133,0.377778280547675
"ENSG00000137441",4.31124278076596,0.383564949648709
"ENSG00000211592",2.79360914588178,0.360953003706865
"ENSG00000111581",3.4470148431801,0.384574102755616
"ENSG00000132434",3.10044968451751,0.214607502480789
"ENSG00000135679",3.04651007325957,0.385378283016321
"ENSG00000132432",2.96760916391431,0.152269937216512
"ENSG00000163359",3.85653019851021,0.376679095832475
"ENSG00000130635",3.22169559511665,0.388502225915345
"ENSG00000240583",2.16394992432028,0.249001106180613
"ENSG00000108821",3.21579186558202,0.392405787256079
